{"global_step": 9000, "_timestamp": 1710776094.3499336, "_runtime": 127.2391345500946, "_step": 95, "charts/episodic_return": 0.0, "charts/episodic_length": 200.0, "losses/qf1_values": 50.39592742919922, "losses/qf2_values": 50.46892547607422, "losses/qf1_loss": 7.975704193115234, "losses/qf2_loss": 9.13956069946289, "losses/qf_loss": 8.557632446289062, "losses/actor_loss": -51.55243682861328, "losses/alpha": 0.20000000298023224, "losses/rewards": -7.450580596923828e-09, "losses/min_reward": -0.9978305101394653, "losses/max_reward": 15.389448165893555, "losses/ngu_loss": 0.3387865722179413, "charts/SPS": 71.0, "_wandb": {"runtime": 132}}