{"global_step": 0, "_timestamp": 1710777361.6438756, "_runtime": 0.6232335567474365, "_step": 0, "_wandb": {"runtime": 0}}