{"global_step": 0, "_timestamp": 1710773516.6415405, "_runtime": 0.618262529373169, "_step": 0, "_wandb": {"runtime": 0}}