{"global_step": 0, "_timestamp": 1710774282.8689988, "_runtime": 0.5965967178344727, "_step": 0, "_wandb": {"runtime": 0}}