{"global_step": 6800, "_timestamp": 1710774240.9895966, "_runtime": 67.17415261268616, "_step": 62, "charts/episodic_return": 0.0, "charts/episodic_length": 200.0, "losses/qf1_values": 6.130551815032959, "losses/qf2_values": 6.132665157318115, "losses/qf1_loss": 0.007270959205925465, "losses/qf2_loss": 0.006932736840099096, "losses/qf_loss": 0.007101847790181637, "losses/actor_loss": -6.445143699645996, "losses/alpha": 0.20000000298023224, "losses/rewards": 5.086043941560092e-08, "losses/min_reward": 1.7985612998927536e-14, "losses/max_reward": 6.095299340813654e-07, "losses/ngu_loss": 5.086043941560092e-08, "charts/SPS": 102.0, "_wandb": {"runtime": 70}}