{"global_step": 0, "_timestamp": 1710788179.246376, "_runtime": 0.7451119422912598, "_step": 0, "_wandb": {"runtime": 0}}