{"global_step": 7599, "_timestamp": 1710774107.273133, "_runtime": 91.34073996543884, "_step": 73, "charts/episodic_return": 0.0, "charts/episodic_length": 200.0, "losses/qf1_values": 17.619863510131836, "losses/qf2_values": 17.56360626220703, "losses/qf1_loss": 21.5906925201416, "losses/qf2_loss": 21.464723587036133, "losses/qf_loss": 21.527708053588867, "losses/actor_loss": -17.830698013305664, "losses/alpha": 0.20000000298023224, "losses/rewards": 5.3551048040390015e-09, "losses/min_reward": -0.27096089720726013, "losses/max_reward": 3.1181509494781494, "losses/ngu_loss": 1.780078662250162e-07, "charts/SPS": 85.0, "_wandb": {"runtime": 92}}