{"global_step": 0, "_timestamp": 1710777209.777017, "_runtime": 0.6029181480407715, "_step": 0, "_wandb": {"runtime": 0}}