{"global_step": 10399, "_timestamp": 1710774556.9188278, "_runtime": 201.69444465637207, "_step": 115, "charts/episodic_return": 0.0, "charts/episodic_length": 200.0, "losses/qf1_values": 25.527563095092773, "losses/qf2_values": 25.483642578125, "losses/qf1_loss": 4.258160591125488, "losses/qf2_loss": 4.316713809967041, "losses/qf_loss": 4.287437438964844, "losses/actor_loss": -25.824844360351562, "losses/alpha": 0.20000000298023224, "losses/rewards": -1.30385160446167e-08, "losses/min_reward": -0.32518458366394043, "losses/max_reward": 3.473625898361206, "losses/ngu_loss": 2.1946831907371234e-07, "charts/SPS": 52.0, "_wandb": {"runtime": 202}}