{"global_step": 0, "_timestamp": 1710776275.5157607, "_runtime": 0.5944507122039795, "_step": 0, "_wandb": {"runtime": 0}}