{"global_step": 4400, "_timestamp": 1710774627.813566, "_runtime": 16.300593852996826, "_step": 26, "charts/episodic_return": 0.0, "charts/episodic_length": 200.0, "losses/qf1_values": 1.4075549840927124, "losses/qf2_values": 1.3998465538024902, "losses/qf1_loss": 3.428799629211426, "losses/qf2_loss": 3.4387524127960205, "losses/qf_loss": 3.4337759017944336, "losses/actor_loss": -1.68605375289917, "losses/alpha": 0.20000000298023224, "losses/rewards": -6.705522537231445e-08, "losses/min_reward": -3.2637832164764404, "losses/max_reward": 5.933165550231934, "losses/ngu_loss": 2.94013116217684e-05, "charts/SPS": 287.0, "_wandb": {"runtime": 16}}