{"global_step": 0, "_timestamp": 1710776232.8506012, "_runtime": 0.6289961338043213, "_step": 0, "_wandb": {"runtime": 0}}