{"global_step": 4700, "_timestamp": 1710773977.8288357, "_runtime": 9.210099697113037, "_step": 30, "charts/episodic_return": 0.0, "charts/episodic_length": 200.0, "losses/qf1_values": 1.738842487335205, "losses/qf2_values": 1.7299011945724487, "losses/qf1_loss": 0.07838090509176254, "losses/qf2_loss": 0.08595935255289078, "losses/qf_loss": 0.08217012882232666, "losses/actor_loss": -2.0404627323150635, "losses/alpha": 0.20000000298023224, "losses/rewards": 7.450580596923828e-09, "losses/min_reward": -0.13639092445373535, "losses/max_reward": 3.378122091293335, "losses/ngu_loss": 8.197268641652045e-08, "charts/SPS": 565.0, "_wandb": {"runtime": 9}}