{"global_step": 16000, "_timestamp": 1710773679.506913, "_runtime": 98.46355700492859, "_step": 200, "charts/episodic_return": 0.0, "charts/episodic_length": 200.0, "losses/qf1_values": 22.73822021484375, "losses/qf2_values": 22.764331817626953, "losses/qf1_loss": 0.7221415042877197, "losses/qf2_loss": 0.772068977355957, "losses/qf_loss": 0.7471052408218384, "losses/actor_loss": -23.00347137451172, "losses/alpha": 0.20000000298023224, "losses/rewards": -4.6566128730773926e-09, "losses/min_reward": -0.8929759860038757, "losses/max_reward": 4.890576362609863, "losses/ngu_loss": 7.103456596269098e-07, "charts/SPS": 164.0, "_wandb": {"runtime": 101}}