{"global_step": 10100, "_timestamp": 1710776474.475123, "_runtime": 181.16582703590393, "_step": 111, "charts/episodic_return": 0.0, "charts/episodic_length": 200.0, "losses/qf1_values": 56.204795837402344, "losses/qf2_values": 56.010765075683594, "losses/qf1_loss": 1.8557802438735962, "losses/qf2_loss": 2.3287456035614014, "losses/qf_loss": 2.0922629833221436, "losses/actor_loss": -56.75213623046875, "losses/alpha": 0.20000000298023224, "losses/rewards": -2.7939677238464355e-08, "losses/min_reward": -0.8089848756790161, "losses/max_reward": 16.179344177246094, "losses/ngu_loss": 0.2938274145126343, "charts/SPS": 56.0, "_wandb": {"runtime": 185}}