{"global_step": 0, "_timestamp": 1710773320.4046087, "_runtime": 0.8145806789398193, "_step": 0, "_wandb": {"runtime": 0}}