{"global_step": 9999, "_timestamp": 1710774792.0867994, "_runtime": 152.67786526679993, "_step": 109, "charts/episodic_return": 0.0, "charts/episodic_length": 200.0, "losses/qf1_values": 53.48716354370117, "losses/qf2_values": 53.22866439819336, "losses/qf1_loss": 2.9210457801818848, "losses/qf2_loss": 3.392974615097046, "losses/qf_loss": 3.157010078430176, "losses/actor_loss": -54.44015121459961, "losses/alpha": 0.20000000298023224, "losses/rewards": 1.30385160446167e-08, "losses/min_reward": -0.3091057240962982, "losses/max_reward": 31.119049072265625, "losses/ngu_loss": 0.00019544424139894545, "charts/SPS": 66.0, "_wandb": {"runtime": 156}}